,MODEL_TYPE,DATASET_NAME,N_NODES,N_COMPONENTS,MAX_NODE_SAMPLES,accuracy,rocauc,aggregator
0,LinearSVCRFF,SYN20201129.230408,15625,122,1000,0.863,0.9231699364708519,Radon point
1,LinearSVCRFF,SYN20201129.230408,15625,122,1000,0.8635,0.923122929701877,Averaging
2,LinearSVCRFF,SYN20201129.230408,15625,122,500,0.8505,0.918644284777008,Radon point
3,LinearSVCRFF,SYN20201129.230408,15625,122,500,0.85,0.9186832903938168,Averaging
4,LinearSVCRFF,SYN20201129.230408,15625,122,200,0.83,0.9079837496599511,Radon point
5,LinearSVCRFF,SYN20201129.230408,15625,122,200,0.8305,0.9079257413067482,Averaging
6,LinearSVCRFF,SYN20201129.230408,15625,122,100,0.814,0.8944017938583156,Radon point
7,LinearSVCRFF,SYN20201129.230408,15625,122,100,0.814,0.8948398569393993,Averaging
8,LinearSVCRFF,SYN20201129.230408,15625,122,50,0.789,0.8718985533916884,Radon point
9,LinearSVCRFF,SYN20201129.230408,15625,122,50,0.7915,0.8737128146453088,Averaging
10,LinearSVCRFF,SYN20201129.230408,15625,122,25,0.7295,0.7851690643452657,Radon point
11,LinearSVCRFF,SYN20201129.230408,15625,122,25,0.7375,0.8103566913635564,Averaging
12,LinearSVCRFF,SYN20201129.230408,7225,82,1000,0.86,0.9202655182346258,Radon point
13,LinearSVCRFF,SYN20201129.230408,7225,82,1000,0.859,0.9202185114656511,Averaging
14,LinearSVCRFF,SYN20201129.230408,7225,82,500,0.848,0.9143896721127842,Radon point
15,LinearSVCRFF,SYN20201129.230408,7225,82,500,0.848,0.9144026739850539,Averaging
16,LinearSVCRFF,SYN20201129.230408,7225,82,200,0.8235,0.9012917860171864,Radon point
17,LinearSVCRFF,SYN20201129.230408,7225,82,200,0.826,0.9019878862556208,Averaging
18,LinearSVCRFF,SYN20201129.230408,7225,82,100,0.8105,0.888813989214447,Radon point
19,LinearSVCRFF,SYN20201129.230408,7225,82,100,0.8125,0.8893500664095629,Averaging
20,LinearSVCRFF,SYN20201129.230408,7225,82,50,0.7825,0.8673228944968076,Radon point
21,LinearSVCRFF,SYN20201129.230408,7225,82,50,0.7835,0.8690991502776402,Averaging
22,LinearSVCRFF,SYN20201129.230408,7225,82,25,0.7375,0.7942573730617208,Radon point
23,LinearSVCRFF,SYN20201129.230408,7225,82,25,0.743,0.808040357811525,Averaging
24,LinearSVCRFF,SYN20201129.230408,2025,42,1000,0.8135,0.8905822438431134,Radon point
25,LinearSVCRFF,SYN20201129.230408,2025,42,1000,0.8155,0.8902161911315228,Averaging
26,LinearSVCRFF,SYN20201129.230408,2025,42,500,0.798,0.8824020658974893,Radon point
27,LinearSVCRFF,SYN20201129.230408,2025,42,500,0.799,0.8821070234113711,Averaging
28,LinearSVCRFF,SYN20201129.230408,2025,42,200,0.7815,0.8665547838888801,Radon point
29,LinearSVCRFF,SYN20201129.230408,2025,42,200,0.782,0.8659296938759181,Averaging
30,LinearSVCRFF,SYN20201129.230408,2025,42,100,0.7665,0.8488732377462354,Radon point
31,LinearSVCRFF,SYN20201129.230408,2025,42,100,0.771,0.8489622505640813,Averaging
32,LinearSVCRFF,SYN20201129.230408,2025,42,50,0.749,0.8230495191307547,Radon point
33,LinearSVCRFF,SYN20201129.230408,2025,42,50,0.753,0.8256488934406555,Averaging
34,LinearSVCRFF,SYN20201129.230408,2025,42,25,0.727,0.76798659006897,Radon point
35,LinearSVCRFF,SYN20201129.230408,2025,42,25,0.732,0.7711370437342978,Averaging
36,LinearSVCRFF,SYN20201129.230408,25,2,1000,0.593,0.6006204893504665,Radon point
37,LinearSVCRFF,SYN20201129.230408,25,2,1000,0.593,0.5999483925685298,Averaging
38,LinearSVCRFF,SYN20201129.230408,25,2,500,0.576,0.5961798498983854,Radon point
39,LinearSVCRFF,SYN20201129.230408,25,2,500,0.592,0.6007395064889344,Averaging
40,LinearSVCRFF,SYN20201129.230408,25,2,200,0.587,0.5958418012193756,Radon point
41,LinearSVCRFF,SYN20201129.230408,25,2,200,0.5905,0.6011785697140388,Averaging
42,LinearSVCRFF,SYN20201129.230408,25,2,100,0.574,0.6011715687058936,Radon point
43,LinearSVCRFF,SYN20201129.230408,25,2,100,0.5905,0.5985431902193915,Averaging
44,LinearSVCRFF,SYN20201129.230408,25,2,50,0.576,0.5868555071930358,Radon point
45,LinearSVCRFF,SYN20201129.230408,25,2,50,0.5745,0.5990392616536782,Averaging
46,LinearSVCRFF,SYN20201129.230408,25,2,25,0.5715,0.585992382903138,Radon point
47,LinearSVCRFF,SYN20201129.230408,25,2,25,0.576,0.5986622073578596,Averaging
48,LinearSVCRFF,SYN20201129.230408,1005,1002,1000,0.8535,0.9203695332127827,Radon point
49,LinearSVCRFF,SYN20201129.230408,1005,1002,1000,0.8675,0.9249351906674561,Averaging
50,LinearSVCRFF,SYN20201129.230408,1005,1002,500,0.829,0.9064185242674945,Radon point
51,LinearSVCRFF,SYN20201129.230408,1005,1002,500,0.857,0.9213666768014594,Averaging
52,LinearSVCRFF,SYN20201129.230408,1005,1002,200,0.8,0.863164295658575,Radon point
53,LinearSVCRFF,SYN20201129.230408,1005,1002,200,0.841,0.912524403514106,Averaging
54,LinearSVCRFF,SYN20201129.230408,1005,1002,100,0.7595,0.828915363812389,Radon point
55,LinearSVCRFF,SYN20201129.230408,1005,1002,100,0.823,0.90112076138964,Averaging
56,LinearSVCRFF,SYN20201129.230408,1005,1002,50,0.795,0.8801357395464947,Radon point
57,LinearSVCRFF,SYN20201129.230408,1005,1002,50,0.797,0.8830851642636539,Averaging
58,LinearSVCRFF,SYN20201129.230408,1005,1002,25,0.741,0.80329667472116,Radon point
59,LinearSVCRFF,SYN20201129.230408,1005,1002,25,0.7475,0.835253276471812,Averaging
60,LinearSVCRFF,SYN20201129.230408,805,802,1000,0.867,0.9255352770798995,Radon point
61,LinearSVCRFF,SYN20201129.230408,805,802,1000,0.866,0.9253132451072954,Averaging
62,LinearSVCRFF,SYN20201129.230408,805,802,500,0.856,0.909454961514458,Radon point
63,LinearSVCRFF,SYN20201129.230408,805,802,500,0.8625,0.9220017682546285,Averaging
64,LinearSVCRFF,SYN20201129.230408,805,802,200,0.845,0.9141396361075995,Radon point
65,LinearSVCRFF,SYN20201129.230408,805,802,200,0.8445,0.914137635819558,Averaging
66,LinearSVCRFF,SYN20201129.230408,805,802,100,0.7635,0.8368865116576787,Radon point
67,LinearSVCRFF,SYN20201129.230408,805,802,100,0.83,0.903386087596614,Averaging
68,LinearSVCRFF,SYN20201129.230408,805,802,50,0.731,0.7954485445904209,Radon point
69,LinearSVCRFF,SYN20201129.230408,805,802,50,0.809,0.8862006128882559,Averaging
70,LinearSVCRFF,SYN20201129.230408,805,802,25,0.6505,0.6840625050007201,Radon point
71,LinearSVCRFF,SYN20201129.230408,805,802,25,0.771,0.8544260373493784,Averaging
72,LinearSVCRFF,SYN20201129.230408,605,602,1000,0.861,0.919257373061721,Radon point
73,LinearSVCRFF,SYN20201129.230408,605,602,1000,0.866,0.9253062440991503,Averaging
74,LinearSVCRFF,SYN20201129.230408,605,602,500,0.8455,0.9157148629402634,Radon point
75,LinearSVCRFF,SYN20201129.230408,605,602,500,0.855,0.9214846937959067,Averaging
76,LinearSVCRFF,SYN20201129.230408,605,602,200,0.797,0.8604529052183514,Radon point
77,LinearSVCRFF,SYN20201129.230408,605,602,200,0.8365,0.9122633659246931,Averaging
78,LinearSVCRFF,SYN20201129.230408,605,602,100,0.793,0.8612370181306108,Radon point
79,LinearSVCRFF,SYN20201129.230408,605,602,100,0.818,0.8997525643692692,Averaging
80,LinearSVCRFF,SYN20201129.230408,605,602,50,0.657,0.6803349682354258,Radon point
81,LinearSVCRFF,SYN20201129.230408,605,602,50,0.7955,0.8821290265798274,Averaging
82,LinearSVCRFF,SYN20201129.230408,605,602,25,0.741,0.8163995615368612,Radon point
83,LinearSVCRFF,SYN20201129.230408,605,602,25,0.7545,0.8426703445296123,Averaging
84,LinearSVCRFF,SYN20201129.230408,405,402,1000,0.842,0.9139126034148918,Radon point
85,LinearSVCRFF,SYN20201129.230408,405,402,1000,0.8655,0.9246741530780432,Averaging
86,LinearSVCRFF,SYN20201129.230408,405,402,500,0.825,0.9026229777087902,Radon point
87,LinearSVCRFF,SYN20201129.230408,405,402,500,0.855,0.920904610263878,Averaging
88,LinearSVCRFF,SYN20201129.230408,405,402,200,0.811,0.8654346225856525,Radon point
89,LinearSVCRFF,SYN20201129.230408,405,402,200,0.838,0.912390384215327,Averaging
90,LinearSVCRFF,SYN20201129.230408,405,402,100,0.77,0.8389838136691684,Radon point
91,LinearSVCRFF,SYN20201129.230408,405,402,100,0.818,0.8989884543374245,Averaging
92,LinearSVCRFF,SYN20201129.230408,405,402,50,0.6585,0.6942869773247348,Radon point
93,LinearSVCRFF,SYN20201129.230408,405,402,50,0.79,0.8780224352306731,Averaging
94,LinearSVCRFF,SYN20201129.230408,405,402,25,0.6925,0.7782680706021666,Radon point
95,LinearSVCRFF,SYN20201129.230408,405,402,25,0.7545,0.8398939447280408,Averaging
96,LinearSVCRFF,SYN20201129.230408,205,202,1000,0.85,0.9133645244915267,Radon point
97,LinearSVCRFF,SYN20201129.230408,205,202,1000,0.8625,0.9222348018114609,Averaging
98,LinearSVCRFF,SYN20201129.230408,205,202,500,0.838,0.8981903394088749,Radon point
99,LinearSVCRFF,SYN20201129.230408,205,202,500,0.85,0.9177221519898865,Averaging
100,LinearSVCRFF,SYN20201129.230408,205,202,200,0.8025,0.8741608791666,Radon point
101,LinearSVCRFF,SYN20201129.230408,205,202,200,0.8335,0.9054393832711911,Averaging
102,LinearSVCRFF,SYN20201129.230408,205,202,100,0.8185,0.8916914035621128,Radon point
103,LinearSVCRFF,SYN20201129.230408,205,202,100,0.8155,0.8927285529116192,Averaging
104,LinearSVCRFF,SYN20201129.230408,205,202,50,0.6975,0.7629638667968187,Radon point
105,LinearSVCRFF,SYN20201129.230408,205,202,50,0.79,0.8743219023539389,Averaging
106,LinearSVCRFF,SYN20201129.230408,205,202,25,0.639,0.6394730841241139,Radon point
107,LinearSVCRFF,SYN20201129.230408,205,202,25,0.741,0.824236690083372,Averaging
108,LinearSVCRFF,SYN20201129.230408,5,2,1000,0.581,0.5969699636747691,Radon point
109,LinearSVCRFF,SYN20201129.230408,5,2,1000,0.591,0.6009425357251444,Averaging
110,LinearSVCRFF,SYN20201129.230408,5,2,500,0.582,0.5999953993375046,Radon point
111,LinearSVCRFF,SYN20201129.230408,5,2,500,0.5925,0.6004514650109616,Averaging
112,LinearSVCRFF,SYN20201129.230408,5,2,200,0.5115,0.6015056168088205,Radon point
113,LinearSVCRFF,SYN20201129.230408,5,2,200,0.583,0.602238722376022,Averaging
114,LinearSVCRFF,SYN20201129.230408,5,2,100,0.584,0.5974230289161638,Radon point
115,LinearSVCRFF,SYN20201129.230408,5,2,100,0.5805,0.6015936294826456,Averaging
116,LinearSVCRFF,SYN20201129.230408,5,2,50,0.5055,0.5439193243827112,Radon point
117,LinearSVCRFF,SYN20201129.230408,5,2,50,0.5735,0.5901199772767278,Averaging
118,LinearSVCRFF,SYN20201129.230408,5,2,25,0.5005,0.5933374405914452,Radon point
119,LinearSVCRFF,SYN20201129.230408,5,2,25,0.5695,0.587471595909811,Averaging
