,MODEL_TYPE,DATASET_NAME,N_NODES,N_COMPONENTS,MAX_NODE_SAMPLES,accuracy,rocauc,aggregator
0,LinearSVCRFF,SYN20201129.235208,15625,122,1000,0.8075,0.8917558917558916,Radon point
1,LinearSVCRFF,SYN20201129.235208,15625,122,1000,0.8075,0.8916938916938918,Averaging
2,LinearSVCRFF,SYN20201129.235208,15625,122,500,0.8085,0.887952887952888,Radon point
3,LinearSVCRFF,SYN20201129.235208,15625,122,500,0.8085,0.8880758880758881,Averaging
4,LinearSVCRFF,SYN20201129.235208,15625,122,200,0.794,0.8800328800328802,Radon point
5,LinearSVCRFF,SYN20201129.235208,15625,122,200,0.795,0.88002688002688,Averaging
6,LinearSVCRFF,SYN20201129.235208,15625,122,100,0.783,0.8718728718728719,Radon point
7,LinearSVCRFF,SYN20201129.235208,15625,122,100,0.784,0.8720308720308722,Averaging
8,LinearSVCRFF,SYN20201129.235208,15625,122,50,0.776,0.8616198616198616,Radon point
9,LinearSVCRFF,SYN20201129.235208,15625,122,50,0.775,0.8624558624558624,Averaging
10,LinearSVCRFF,SYN20201129.235208,15625,122,25,0.7645,0.8478008478008479,Radon point
11,LinearSVCRFF,SYN20201129.235208,15625,122,25,0.7655,0.8507038507038506,Averaging
12,LinearSVCRFF,SYN20201129.235208,7225,82,1000,0.81,0.8946138946138946,Radon point
13,LinearSVCRFF,SYN20201129.235208,7225,82,1000,0.8095,0.8946358946358948,Averaging
14,LinearSVCRFF,SYN20201129.235208,7225,82,500,0.807,0.893065893065893,Radon point
15,LinearSVCRFF,SYN20201129.235208,7225,82,500,0.807,0.893035893035893,Averaging
16,LinearSVCRFF,SYN20201129.235208,7225,82,200,0.797,0.8867308867308868,Radon point
17,LinearSVCRFF,SYN20201129.235208,7225,82,200,0.7965,0.8870348870348871,Averaging
18,LinearSVCRFF,SYN20201129.235208,7225,82,100,0.7825,0.8772478772478772,Radon point
19,LinearSVCRFF,SYN20201129.235208,7225,82,100,0.784,0.8774578774578775,Averaging
20,LinearSVCRFF,SYN20201129.235208,7225,82,50,0.773,0.8628688628688629,Radon point
21,LinearSVCRFF,SYN20201129.235208,7225,82,50,0.774,0.8637978637978638,Averaging
22,LinearSVCRFF,SYN20201129.235208,7225,82,25,0.761,0.8447948447948448,Radon point
23,LinearSVCRFF,SYN20201129.235208,7225,82,25,0.7635,0.8478438478438478,Averaging
24,LinearSVCRFF,SYN20201129.235208,2025,42,1000,0.799,0.8848808848808849,Radon point
25,LinearSVCRFF,SYN20201129.235208,2025,42,1000,0.799,0.8847658847658848,Averaging
26,LinearSVCRFF,SYN20201129.235208,2025,42,500,0.7945,0.8791728791728791,Radon point
27,LinearSVCRFF,SYN20201129.235208,2025,42,500,0.7935,0.879104879104879,Averaging
28,LinearSVCRFF,SYN20201129.235208,2025,42,200,0.782,0.8703858703858706,Radon point
29,LinearSVCRFF,SYN20201129.235208,2025,42,200,0.784,0.8701018701018701,Averaging
30,LinearSVCRFF,SYN20201129.235208,2025,42,100,0.7825,0.8634438634438635,Radon point
31,LinearSVCRFF,SYN20201129.235208,2025,42,100,0.783,0.8633668633668633,Averaging
32,LinearSVCRFF,SYN20201129.235208,2025,42,50,0.7715,0.8543758543758544,Radon point
33,LinearSVCRFF,SYN20201129.235208,2025,42,50,0.7745,0.8545768545768546,Averaging
34,LinearSVCRFF,SYN20201129.235208,2025,42,25,0.7695,0.8414048414048414,Radon point
35,LinearSVCRFF,SYN20201129.235208,2025,42,25,0.7685,0.8426778426778426,Averaging
36,LinearSVCRFF,SYN20201129.235208,25,2,1000,0.554,0.5837495837495837,Radon point
37,LinearSVCRFF,SYN20201129.235208,25,2,1000,0.565,0.586043586043586,Averaging
38,LinearSVCRFF,SYN20201129.235208,25,2,500,0.559,0.5872085872085872,Radon point
39,LinearSVCRFF,SYN20201129.235208,25,2,500,0.5635,0.5864455864455865,Averaging
40,LinearSVCRFF,SYN20201129.235208,25,2,200,0.5475,0.5881775881775883,Radon point
41,LinearSVCRFF,SYN20201129.235208,25,2,200,0.5605,0.5858105858105858,Averaging
42,LinearSVCRFF,SYN20201129.235208,25,2,100,0.5435,0.5768095768095769,Radon point
43,LinearSVCRFF,SYN20201129.235208,25,2,100,0.548,0.5738115738115738,Averaging
44,LinearSVCRFF,SYN20201129.235208,25,2,50,0.5265,0.5903335903335903,Radon point
45,LinearSVCRFF,SYN20201129.235208,25,2,50,0.539,0.5779455779455779,Averaging
46,LinearSVCRFF,SYN20201129.235208,25,2,25,0.509,0.5651445651445651,Radon point
47,LinearSVCRFF,SYN20201129.235208,25,2,25,0.543,0.5781945781945781,Averaging
48,LinearSVCRFF,SYN20201129.235208,1005,1002,1000,0.8125,0.895011895011895,Radon point
49,LinearSVCRFF,SYN20201129.235208,1005,1002,1000,0.8135,0.8952328952328952,Averaging
50,LinearSVCRFF,SYN20201129.235208,1005,1002,500,0.786,0.8803818803818804,Radon point
51,LinearSVCRFF,SYN20201129.235208,1005,1002,500,0.8095,0.8946498946498946,Averaging
52,LinearSVCRFF,SYN20201129.235208,1005,1002,200,0.804,0.8917138917138916,Radon point
53,LinearSVCRFF,SYN20201129.235208,1005,1002,200,0.8045,0.8918508918508918,Averaging
54,LinearSVCRFF,SYN20201129.235208,1005,1002,100,0.774,0.8696038696038695,Radon point
55,LinearSVCRFF,SYN20201129.235208,1005,1002,100,0.7945,0.8854388854388855,Averaging
56,LinearSVCRFF,SYN20201129.235208,1005,1002,50,0.714,0.7688007688007688,Radon point
57,LinearSVCRFF,SYN20201129.235208,1005,1002,50,0.778,0.8708558708558708,Averaging
58,LinearSVCRFF,SYN20201129.235208,1005,1002,25,0.764,0.8495468495468496,Radon point
59,LinearSVCRFF,SYN20201129.235208,1005,1002,25,0.7695,0.8527908527908529,Averaging
60,LinearSVCRFF,SYN20201129.235208,805,802,1000,0.797,0.8851678851678851,Radon point
61,LinearSVCRFF,SYN20201129.235208,805,802,1000,0.8095,0.895018895018895,Averaging
62,LinearSVCRFF,SYN20201129.235208,805,802,500,0.81,0.8939038939038939,Radon point
63,LinearSVCRFF,SYN20201129.235208,805,802,500,0.81,0.8938578938578938,Averaging
64,LinearSVCRFF,SYN20201129.235208,805,802,200,0.804,0.8889848889848889,Radon point
65,LinearSVCRFF,SYN20201129.235208,805,802,200,0.8065,0.8893748893748894,Averaging
66,LinearSVCRFF,SYN20201129.235208,805,802,100,0.7865,0.8798678798678798,Radon point
67,LinearSVCRFF,SYN20201129.235208,805,802,100,0.788,0.8805508805508805,Averaging
68,LinearSVCRFF,SYN20201129.235208,805,802,50,0.771,0.8636648636648636,Radon point
69,LinearSVCRFF,SYN20201129.235208,805,802,50,0.773,0.8651288651288651,Averaging
70,LinearSVCRFF,SYN20201129.235208,805,802,25,0.616,0.6836946836946837,Radon point
71,LinearSVCRFF,SYN20201129.235208,805,802,25,0.7615,0.8476478476478477,Averaging
72,LinearSVCRFF,SYN20201129.235208,605,602,1000,0.81,0.8938438938438938,Radon point
73,LinearSVCRFF,SYN20201129.235208,605,602,1000,0.8095,0.894124894124894,Averaging
74,LinearSVCRFF,SYN20201129.235208,605,602,500,0.7795,0.866004866004866,Radon point
75,LinearSVCRFF,SYN20201129.235208,605,602,500,0.807,0.8926678926678925,Averaging
76,LinearSVCRFF,SYN20201129.235208,605,602,200,0.797,0.8868398868398868,Radon point
77,LinearSVCRFF,SYN20201129.235208,605,602,200,0.7995,0.887022887022887,Averaging
78,LinearSVCRFF,SYN20201129.235208,605,602,100,0.7685,0.8481998481998482,Radon point
79,LinearSVCRFF,SYN20201129.235208,605,602,100,0.783,0.8769068769068769,Averaging
80,LinearSVCRFF,SYN20201129.235208,605,602,50,0.7705,0.8604808604808604,Radon point
81,LinearSVCRFF,SYN20201129.235208,605,602,50,0.773,0.8610118610118609,Averaging
82,LinearSVCRFF,SYN20201129.235208,605,602,25,0.61,0.6632416632416632,Radon point
83,LinearSVCRFF,SYN20201129.235208,605,602,25,0.7635,0.8443128443128444,Averaging
84,LinearSVCRFF,SYN20201129.235208,405,402,1000,0.798,0.8864288864288864,Radon point
85,LinearSVCRFF,SYN20201129.235208,405,402,1000,0.811,0.8938018938018938,Averaging
86,LinearSVCRFF,SYN20201129.235208,405,402,500,0.807,0.8922648922648923,Radon point
87,LinearSVCRFF,SYN20201129.235208,405,402,500,0.808,0.8924178924178924,Averaging
88,LinearSVCRFF,SYN20201129.235208,405,402,200,0.7625,0.8475248475248474,Radon point
89,LinearSVCRFF,SYN20201129.235208,405,402,200,0.7935,0.8862538862538863,Averaging
90,LinearSVCRFF,SYN20201129.235208,405,402,100,0.712,0.7924437924437924,Radon point
91,LinearSVCRFF,SYN20201129.235208,405,402,100,0.782,0.8762138762138761,Averaging
92,LinearSVCRFF,SYN20201129.235208,405,402,50,0.769,0.8587938587938588,Radon point
93,LinearSVCRFF,SYN20201129.235208,405,402,50,0.772,0.8613078613078613,Averaging
94,LinearSVCRFF,SYN20201129.235208,405,402,25,0.662,0.7162377162377163,Radon point
95,LinearSVCRFF,SYN20201129.235208,405,402,25,0.7635,0.8474438474438475,Averaging
96,LinearSVCRFF,SYN20201129.235208,205,202,1000,0.807,0.8941998941998942,Radon point
97,LinearSVCRFF,SYN20201129.235208,205,202,1000,0.8075,0.8942468942468942,Averaging
98,LinearSVCRFF,SYN20201129.235208,205,202,500,0.795,0.883139883139883,Radon point
99,LinearSVCRFF,SYN20201129.235208,205,202,500,0.806,0.8925868925868926,Averaging
100,LinearSVCRFF,SYN20201129.235208,205,202,200,0.7465,0.8354778354778355,Radon point
101,LinearSVCRFF,SYN20201129.235208,205,202,200,0.8005,0.8877368877368877,Averaging
102,LinearSVCRFF,SYN20201129.235208,205,202,100,0.787,0.8785578785578785,Radon point
103,LinearSVCRFF,SYN20201129.235208,205,202,100,0.784,0.8788298788298788,Averaging
104,LinearSVCRFF,SYN20201129.235208,205,202,50,0.724,0.8077388077388079,Radon point
105,LinearSVCRFF,SYN20201129.235208,205,202,50,0.7705,0.8636398636398636,Averaging
106,LinearSVCRFF,SYN20201129.235208,205,202,25,0.5795,0.7124257124257125,Radon point
107,LinearSVCRFF,SYN20201129.235208,205,202,25,0.7615,0.849022849022849,Averaging
108,LinearSVCRFF,SYN20201129.235208,5,2,1000,0.5505,0.5902075902075903,Radon point
109,LinearSVCRFF,SYN20201129.235208,5,2,1000,0.5605,0.5863195863195863,Averaging
110,LinearSVCRFF,SYN20201129.235208,5,2,500,0.537,0.5721505721505722,Radon point
111,LinearSVCRFF,SYN20201129.235208,5,2,500,0.5445,0.572019572019572,Averaging
112,LinearSVCRFF,SYN20201129.235208,5,2,200,0.5075,0.561064561064561,Radon point
113,LinearSVCRFF,SYN20201129.235208,5,2,200,0.5345,0.5698225698225697,Averaging
114,LinearSVCRFF,SYN20201129.235208,5,2,100,0.5585,0.5885365885365885,Radon point
115,LinearSVCRFF,SYN20201129.235208,5,2,100,0.5375,0.5728665728665729,Averaging
116,LinearSVCRFF,SYN20201129.235208,5,2,50,0.551,0.5867015867015868,Radon point
117,LinearSVCRFF,SYN20201129.235208,5,2,50,0.533,0.5655695655695655,Averaging
118,LinearSVCRFF,SYN20201129.235208,5,2,25,0.5165,0.5176425176425177,Radon point
119,LinearSVCRFF,SYN20201129.235208,5,2,25,0.542,0.5818065818065818,Averaging
