,MODEL_TYPE,DATASET_NAME,N_NODES,N_COMPONENTS,MAX_NODE_SAMPLES,accuracy,rocauc,aggregator
0,LinearSVCRFF,SYN20201130.000235,15625,122,1000,0.871,0.946359141746268,Radon point
1,LinearSVCRFF,SYN20201130.000235,15625,122,1000,0.871,0.9463461415382647,Averaging
2,LinearSVCRFF,SYN20201130.000235,15625,122,500,0.868,0.9459691355061682,Radon point
3,LinearSVCRFF,SYN20201130.000235,15625,122,500,0.8685,0.9459741355861693,Averaging
4,LinearSVCRFF,SYN20201130.000235,15625,122,200,0.8655,0.9444791116657867,Radon point
5,LinearSVCRFF,SYN20201130.000235,15625,122,200,0.8655,0.944535112561801,Averaging
6,LinearSVCRFF,SYN20201130.000235,15625,122,100,0.8605,0.9412810604969679,Radon point
7,LinearSVCRFF,SYN20201130.000235,15625,122,100,0.861,0.9414110625770012,Averaging
8,LinearSVCRFF,SYN20201130.000235,15625,122,50,0.8525,0.9329579273268371,Radon point
9,LinearSVCRFF,SYN20201130.000235,15625,122,50,0.852,0.9340279444471112,Averaging
10,LinearSVCRFF,SYN20201130.000235,15625,122,25,0.8275,0.9074715195443127,Radon point
11,LinearSVCRFF,SYN20201130.000235,15625,122,25,0.83,0.9142716283460536,Averaging
12,LinearSVCRFF,SYN20201130.000235,7225,82,1000,0.8685,0.9465561448983184,Radon point
13,LinearSVCRFF,SYN20201130.000235,7225,82,1000,0.869,0.9465431446903151,Averaging
14,LinearSVCRFF,SYN20201130.000235,7225,82,500,0.8665,0.9459251348021567,Radon point
15,LinearSVCRFF,SYN20201130.000235,7225,82,500,0.866,0.9460251364021824,Averaging
16,LinearSVCRFF,SYN20201130.000235,7225,82,200,0.863,0.9442491079857277,Radon point
17,LinearSVCRFF,SYN20201130.000235,7225,82,200,0.863,0.9442141074257189,Averaging
18,LinearSVCRFF,SYN20201130.000235,7225,82,100,0.862,0.9404460471367543,Radon point
19,LinearSVCRFF,SYN20201130.000235,7225,82,100,0.862,0.9409740555848893,Averaging
20,LinearSVCRFF,SYN20201130.000235,7225,82,50,0.8545,0.9334429350869615,Radon point
21,LinearSVCRFF,SYN20201130.000235,7225,82,50,0.856,0.9342949487191795,Averaging
22,LinearSVCRFF,SYN20201130.000235,7225,82,25,0.8355,0.9140496247939967,Radon point
23,LinearSVCRFF,SYN20201130.000235,7225,82,25,0.84,0.9193247091953471,Averaging
24,LinearSVCRFF,SYN20201130.000235,2025,42,1000,0.87,0.9469231507704123,Radon point
25,LinearSVCRFF,SYN20201130.000235,2025,42,1000,0.8695,0.9469041504664074,Averaging
26,LinearSVCRFF,SYN20201130.000235,2025,42,500,0.8675,0.9462551400822413,Radon point
27,LinearSVCRFF,SYN20201130.000235,2025,42,500,0.868,0.9463201411222578,Averaging
28,LinearSVCRFF,SYN20201130.000235,2025,42,200,0.8615,0.9443771100337605,Radon point
29,LinearSVCRFF,SYN20201130.000235,2025,42,200,0.8635,0.9444941119057906,Averaging
30,LinearSVCRFF,SYN20201130.000235,2025,42,100,0.8575,0.9414860637770205,Radon point
31,LinearSVCRFF,SYN20201130.000235,2025,42,100,0.8575,0.9413940623049969,Averaging
32,LinearSVCRFF,SYN20201130.000235,2025,42,50,0.8505,0.934011944191107,Radon point
33,LinearSVCRFF,SYN20201130.000235,2025,42,50,0.8525,0.9348599577593241,Averaging
34,LinearSVCRFF,SYN20201130.000235,2025,42,25,0.827,0.91335961375382,Radon point
35,LinearSVCRFF,SYN20201130.000235,2025,42,25,0.835,0.9166856669706716,Averaging
36,LinearSVCRFF,SYN20201130.000235,25,2,1000,0.602,0.6701437222995569,Radon point
37,LinearSVCRFF,SYN20201130.000235,25,2,1000,0.6085,0.6705717291476664,Averaging
38,LinearSVCRFF,SYN20201130.000235,25,2,500,0.607,0.6704217267476279,Radon point
39,LinearSVCRFF,SYN20201130.000235,25,2,500,0.6085,0.6705077281236501,Averaging
40,LinearSVCRFF,SYN20201130.000235,25,2,200,0.6275,0.6702847245555928,Radon point
41,LinearSVCRFF,SYN20201130.000235,25,2,200,0.6005,0.6703377254036065,Averaging
42,LinearSVCRFF,SYN20201130.000235,25,2,100,0.622,0.670511728187651,Radon point
43,LinearSVCRFF,SYN20201130.000235,25,2,100,0.5865,0.6704897278356454,Averaging
44,LinearSVCRFF,SYN20201130.000235,25,2,50,0.602,0.668890702251236,Radon point
45,LinearSVCRFF,SYN20201130.000235,25,2,50,0.6015,0.6704157266516264,Averaging
46,LinearSVCRFF,SYN20201130.000235,25,2,25,0.6165,0.670250724011584,Radon point
47,LinearSVCRFF,SYN20201130.000235,25,2,25,0.5895,0.631297100753612,Averaging
48,LinearSVCRFF,SYN20201130.000235,1005,1002,1000,0.873,0.9467671482743725,Radon point
49,LinearSVCRFF,SYN20201130.000235,1005,1002,1000,0.8745,0.9467921486743788,Averaging
50,LinearSVCRFF,SYN20201130.000235,1005,1002,500,0.87,0.946492143874302,Radon point
51,LinearSVCRFF,SYN20201130.000235,1005,1002,500,0.87,0.9465621449943198,Averaging
52,LinearSVCRFF,SYN20201130.000235,1005,1002,200,0.852,0.9352559640954256,Radon point
53,LinearSVCRFF,SYN20201130.000235,1005,1002,200,0.865,0.9455221283540537,Averaging
54,LinearSVCRFF,SYN20201130.000235,1005,1002,100,0.826,0.9200327205235284,Radon point
55,LinearSVCRFF,SYN20201130.000235,1005,1002,100,0.8625,0.9430370885934175,Averaging
56,LinearSVCRFF,SYN20201130.000235,1005,1002,50,0.8095,0.9034664554632873,Radon point
57,LinearSVCRFF,SYN20201130.000235,1005,1002,50,0.8565,0.9370939935038961,Averaging
58,LinearSVCRFF,SYN20201130.000235,1005,1002,25,0.836,0.9086265380246084,Radon point
59,LinearSVCRFF,SYN20201130.000235,1005,1002,25,0.8405,0.9173586777388437,Averaging
60,LinearSVCRFF,SYN20201130.000235,805,802,1000,0.8685,0.9463081409302548,Radon point
61,LinearSVCRFF,SYN20201130.000235,805,802,1000,0.873,0.946980151682427,Averaging
62,LinearSVCRFF,SYN20201130.000235,805,802,500,0.8715,0.9470041520664331,Radon point
63,LinearSVCRFF,SYN20201130.000235,805,802,500,0.871,0.9467571481143698,Averaging
64,LinearSVCRFF,SYN20201130.000235,805,802,200,0.8515,0.9323119169906718,Radon point
65,LinearSVCRFF,SYN20201130.000235,805,802,200,0.866,0.9459031344501514,Averaging
66,LinearSVCRFF,SYN20201130.000235,805,802,100,0.834,0.9248697979167666,Radon point
67,LinearSVCRFF,SYN20201130.000235,805,802,100,0.866,0.944262108193731,Averaging
68,LinearSVCRFF,SYN20201130.000235,805,802,50,0.8595,0.9379660074561194,Radon point
69,LinearSVCRFF,SYN20201130.000235,805,802,50,0.861,0.9397320357125714,Averaging
70,LinearSVCRFF,SYN20201130.000235,805,802,25,0.6465,0.6996141938271012,Radon point
71,LinearSVCRFF,SYN20201130.000235,805,802,25,0.8475,0.9248777980447687,Averaging
72,LinearSVCRFF,SYN20201130.000235,605,602,1000,0.863,0.9440441047056752,Radon point
73,LinearSVCRFF,SYN20201130.000235,605,602,1000,0.873,0.9466271460343365,Averaging
74,LinearSVCRFF,SYN20201130.000235,605,602,500,0.87,0.9464831437302997,Radon point
75,LinearSVCRFF,SYN20201130.000235,605,602,500,0.8715,0.9463081409302547,Averaging
76,LinearSVCRFF,SYN20201130.000235,605,602,200,0.866,0.9449091185458968,Radon point
77,LinearSVCRFF,SYN20201130.000235,605,602,200,0.865,0.9451771228339654,Averaging
78,LinearSVCRFF,SYN20201130.000235,605,602,100,0.836,0.9209537352597641,Radon point
79,LinearSVCRFF,SYN20201130.000235,605,602,100,0.865,0.9425580809292948,Averaging
80,LinearSVCRFF,SYN20201130.000235,605,602,50,0.856,0.9346899550392807,Radon point
81,LinearSVCRFF,SYN20201130.000235,605,602,50,0.8565,0.936175978815661,Averaging
82,LinearSVCRFF,SYN20201130.000235,605,602,25,0.7725,0.8491185858973744,Radon point
83,LinearSVCRFF,SYN20201130.000235,605,602,25,0.84,0.9164276628426056,Averaging
84,LinearSVCRFF,SYN20201130.000235,405,402,1000,0.8615,0.9436960991375861,Radon point
85,LinearSVCRFF,SYN20201130.000235,405,402,1000,0.8715,0.9467561480983695,Averaging
86,LinearSVCRFF,SYN20201130.000235,405,402,500,0.8525,0.9393530296484744,Radon point
87,LinearSVCRFF,SYN20201130.000235,405,402,500,0.868,0.9463641418262692,Averaging
88,LinearSVCRFF,SYN20201130.000235,405,402,200,0.8645,0.9449581193299093,Radon point
89,LinearSVCRFF,SYN20201130.000235,405,402,200,0.8645,0.9449121185938975,Averaging
90,LinearSVCRFF,SYN20201130.000235,405,402,100,0.8085,0.9119035904574472,Radon point
91,LinearSVCRFF,SYN20201130.000235,405,402,100,0.8635,0.9422580761292182,Averaging
92,LinearSVCRFF,SYN20201130.000235,405,402,50,0.8205,0.909070545128722,Radon point
93,LinearSVCRFF,SYN20201130.000235,405,402,50,0.856,0.9346019536312581,Averaging
94,LinearSVCRFF,SYN20201130.000235,405,402,25,0.7855,0.8687158994543913,Radon point
95,LinearSVCRFF,SYN20201130.000235,405,402,25,0.837,0.9161356581705307,Averaging
96,LinearSVCRFF,SYN20201130.000235,205,202,1000,0.8635,0.9442211075377206,Radon point
97,LinearSVCRFF,SYN20201130.000235,205,202,1000,0.8715,0.9468101489623834,Averaging
98,LinearSVCRFF,SYN20201130.000235,205,202,500,0.856,0.9391550264804236,Radon point
99,LinearSVCRFF,SYN20201130.000235,205,202,500,0.87,0.9466791468663498,Averaging
100,LinearSVCRFF,SYN20201130.000235,205,202,200,0.8515,0.9348689579033265,Radon point
101,LinearSVCRFF,SYN20201130.000235,205,202,200,0.8645,0.9459881358101729,Averaging
102,LinearSVCRFF,SYN20201130.000235,205,202,100,0.8625,0.9432650922414758,Radon point
103,LinearSVCRFF,SYN20201130.000235,205,202,100,0.864,0.9436880990095841,Averaging
104,LinearSVCRFF,SYN20201130.000235,205,202,50,0.793,0.8946013136210179,Radon point
105,LinearSVCRFF,SYN20201130.000235,205,202,50,0.8565,0.9371269940319046,Averaging
106,LinearSVCRFF,SYN20201130.000235,205,202,25,0.773,0.8575567209075347,Radon point
107,LinearSVCRFF,SYN20201130.000235,205,202,25,0.8395,0.9199227187635002,Averaging
108,LinearSVCRFF,SYN20201130.000235,5,2,1000,0.6045,0.6698727179634874,Radon point
109,LinearSVCRFF,SYN20201130.000235,5,2,1000,0.599,0.6704677274836396,Averaging
110,LinearSVCRFF,SYN20201130.000235,5,2,500,0.56,0.6520904334469352,Radon point
111,LinearSVCRFF,SYN20201130.000235,5,2,500,0.5815,0.6702657242515879,Averaging
112,LinearSVCRFF,SYN20201130.000235,5,2,200,0.5895,0.6534364549832798,Radon point
113,LinearSVCRFF,SYN20201130.000235,5,2,200,0.6035,0.6697977167634682,Averaging
114,LinearSVCRFF,SYN20201130.000235,5,2,100,0.645,0.6667586681386902,Radon point
115,LinearSVCRFF,SYN20201130.000235,5,2,100,0.5915,0.65671850749612,Averaging
116,LinearSVCRFF,SYN20201130.000235,5,2,50,0.569,0.6507124113985824,Radon point
117,LinearSVCRFF,SYN20201130.000235,5,2,50,0.568,0.6386612185794973,Averaging
118,LinearSVCRFF,SYN20201130.000235,5,2,25,0.578,0.6152708443335093,Radon point
119,LinearSVCRFF,SYN20201130.000235,5,2,25,0.593,0.6465523448375173,Averaging
