,MODEL_TYPE,DATASET_NAME,N_NODES,N_COMPONENTS,MAX_NODE_SAMPLES,accuracy,rocauc,aggregator
0,LinearSVCRFF,SYN20201130.000510,15625,122,1000,0.898,0.967673696903008,Radon point
1,LinearSVCRFF,SYN20201130.000510,15625,122,1000,0.898,0.967662653070035,Averaging
2,LinearSVCRFF,SYN20201130.000510,15625,122,500,0.8945,0.9668393855211335,Radon point
3,LinearSVCRFF,SYN20201130.000510,15625,122,500,0.894,0.9668423974755805,Averaging
4,LinearSVCRFF,SYN20201130.000510,15625,122,200,0.889,0.964725997484014,Radon point
5,LinearSVCRFF,SYN20201130.000510,15625,122,200,0.889,0.9648294079200347,Averaging
6,LinearSVCRFF,SYN20201130.000510,15625,122,100,0.8855,0.9618676527136203,Radon point
7,LinearSVCRFF,SYN20201130.000510,15625,122,100,0.886,0.9621447525227629,Averaging
8,LinearSVCRFF,SYN20201130.000510,15625,122,50,0.8795,0.9554813053007386,Radon point
9,LinearSVCRFF,SYN20201130.000510,15625,122,50,0.8805,0.9562614015025637,Averaging
10,LinearSVCRFF,SYN20201130.000510,15625,122,25,0.853,0.9297481704886695,Radon point
11,LinearSVCRFF,SYN20201130.000510,15625,122,25,0.856,0.9383392685569023,Averaging
12,LinearSVCRFF,SYN20201130.000510,7225,82,1000,0.898,0.9677439758401094,Radon point
13,LinearSVCRFF,SYN20201130.000510,7225,82,1000,0.898,0.9677349399767677,Averaging
14,LinearSVCRFF,SYN20201130.000510,7225,82,500,0.892,0.9666928037380362,Radon point
15,LinearSVCRFF,SYN20201130.000510,7225,82,500,0.893,0.9667460149332701,Averaging
16,LinearSVCRFF,SYN20201130.000510,7225,82,200,0.8875,0.9636798453060197,Radon point
17,LinearSVCRFF,SYN20201130.000510,7225,82,200,0.8875,0.9638324509980111,Averaging
18,LinearSVCRFF,SYN20201130.000510,7225,82,100,0.878,0.9594962405788574,Radon point
19,LinearSVCRFF,SYN20201130.000510,7225,82,100,0.8775,0.9595675235007746,Averaging
20,LinearSVCRFF,SYN20201130.000510,7225,82,50,0.8685,0.9502625922285552,Radon point
21,LinearSVCRFF,SYN20201130.000510,7225,82,50,0.868,0.950783660347921,Averaging
22,LinearSVCRFF,SYN20201130.000510,7225,82,25,0.8395,0.9195828242293664,Radon point
23,LinearSVCRFF,SYN20201130.000510,7225,82,25,0.8455,0.926482207883088,Averaging
24,LinearSVCRFF,SYN20201130.000510,2025,42,1000,0.893,0.9663775525058959,Radon point
25,LinearSVCRFF,SYN20201130.000510,2025,42,1000,0.8935,0.9664478314429973,Averaging
26,LinearSVCRFF,SYN20201130.000510,2025,42,500,0.8915,0.964979001657579,Radon point
27,LinearSVCRFF,SYN20201130.000510,2025,42,500,0.891,0.9649498860979228,Averaging
28,LinearSVCRFF,SYN20201130.000510,2025,42,200,0.8875,0.9619790950281668,Radon point
29,LinearSVCRFF,SYN20201130.000510,2025,42,200,0.8865,0.9620925453123447,Averaging
30,LinearSVCRFF,SYN20201130.000510,2025,42,100,0.883,0.9579932753097042,Radon point
31,LinearSVCRFF,SYN20201130.000510,2025,42,100,0.8865,0.958250295422532,Averaging
32,LinearSVCRFF,SYN20201130.000510,2025,42,50,0.8735,0.9504955167058053,Radon point
33,LinearSVCRFF,SYN20201130.000510,2025,42,50,0.8755,0.9510597561722476,Averaging
34,LinearSVCRFF,SYN20201130.000510,2025,42,25,0.8515,0.9315041399313877,Radon point
35,LinearSVCRFF,SYN20201130.000510,2025,42,25,0.851,0.9340080780618274,Averaging
36,LinearSVCRFF,SYN20201130.000510,25,2,1000,0.6955,0.8208148139967533,Radon point
37,LinearSVCRFF,SYN20201130.000510,25,2,1000,0.7015,0.8206461445477098,Averaging
38,LinearSVCRFF,SYN20201130.000510,25,2,500,0.7015,0.8204172360097225,Radon point
39,LinearSVCRFF,SYN20201130.000510,25,2,500,0.703,0.8204463515693787,Averaging
40,LinearSVCRFF,SYN20201130.000510,25,2,200,0.704,0.8208128060271216,Radon point
41,LinearSVCRFF,SYN20201130.000510,25,2,200,0.71,0.8200397377190067,Averaging
42,LinearSVCRFF,SYN20201130.000510,25,2,100,0.715,0.8199242794651975,Radon point
43,LinearSVCRFF,SYN20201130.000510,25,2,100,0.7155,0.8198740802244107,Averaging
44,LinearSVCRFF,SYN20201130.000510,25,2,50,0.707,0.818964469981356,Radon point
45,LinearSVCRFF,SYN20201130.000510,25,2,50,0.7245,0.8169464605017314,Averaging
46,LinearSVCRFF,SYN20201130.000510,25,2,25,0.692,0.8205256663698217,Radon point
47,LinearSVCRFF,SYN20201130.000510,25,2,25,0.7205,0.820230494833996,Averaging
48,LinearSVCRFF,SYN20201130.000510,1005,1002,1000,0.9005,0.9667038475710094,Radon point
49,LinearSVCRFF,SYN20201130.000510,1005,1002,1000,0.9005,0.9683001834280258,Averaging
50,LinearSVCRFF,SYN20201130.000510,1005,1002,500,0.886,0.9635824587788935,Radon point
51,LinearSVCRFF,SYN20201130.000510,1005,1002,500,0.8965,0.9678052189138692,Averaging
52,LinearSVCRFF,SYN20201130.000510,1005,1002,200,0.872,0.956701146851855,Radon point
53,LinearSVCRFF,SYN20201130.000510,1005,1002,200,0.8905,0.9662912098117428,Averaging
54,LinearSVCRFF,SYN20201130.000510,1005,1002,100,0.8865,0.9632621876226743,Radon point
55,LinearSVCRFF,SYN20201130.000510,1005,1002,100,0.8885,0.9636055504296552,Averaging
56,LinearSVCRFF,SYN20201130.000510,1005,1002,50,0.822,0.9063282166920508,Radon point
57,LinearSVCRFF,SYN20201130.000510,1005,1002,50,0.8805,0.957681036032011,Averaging
58,LinearSVCRFF,SYN20201130.000510,1005,1002,25,0.6475,0.7212345800482114,Radon point
59,LinearSVCRFF,SYN20201130.000510,1005,1002,25,0.8535,0.9372640008192515,Averaging
60,LinearSVCRFF,SYN20201130.000510,805,802,1000,0.9015,0.9680140477555417,Radon point
61,LinearSVCRFF,SYN20201130.000510,805,802,1000,0.9015,0.9681054103737736,Averaging
62,LinearSVCRFF,SYN20201130.000510,805,802,500,0.894,0.9621206568871852,Radon point
63,LinearSVCRFF,SYN20201130.000510,805,802,500,0.896,0.9674186847598117,Averaging
64,LinearSVCRFF,SYN20201130.000510,805,802,200,0.887,0.9607361618262885,Radon point
65,LinearSVCRFF,SYN20201130.000510,805,802,200,0.89,0.965510109625102,Averaging
66,LinearSVCRFF,SYN20201130.000510,805,802,100,0.8295,0.9499714366319923,Radon point
67,LinearSVCRFF,SYN20201130.000510,805,802,100,0.8865,0.9624730555575077,Averaging
68,LinearSVCRFF,SYN20201130.000510,805,802,50,0.867,0.9463089000241961,Radon point
69,LinearSVCRFF,SYN20201130.000510,805,802,50,0.88,0.9560947400231519,Averaging
70,LinearSVCRFF,SYN20201130.000510,805,802,25,0.845,0.9273135073105154,Radon point
71,LinearSVCRFF,SYN20201130.000510,805,802,25,0.8545,0.9383131649516934,Averaging
72,LinearSVCRFF,SYN20201130.000510,605,602,1000,0.888,0.9638163872409593,Radon point
73,LinearSVCRFF,SYN20201130.000510,605,602,1000,0.899,0.9680672589507756,Averaging
74,LinearSVCRFF,SYN20201130.000510,605,602,500,0.896,0.9674498082890994,Radon point
75,LinearSVCRFF,SYN20201130.000510,605,602,500,0.894,0.9673674815342092,Averaging
76,LinearSVCRFF,SYN20201130.000510,605,602,200,0.89,0.9653695517508993,Radon point
77,LinearSVCRFF,SYN20201130.000510,605,602,200,0.8915,0.9654709542172883,Averaging
78,LinearSVCRFF,SYN20201130.000510,605,602,100,0.858,0.9392298030884582,Radon point
79,LinearSVCRFF,SYN20201130.000510,605,602,100,0.885,0.9619570073622207,Averaging
80,LinearSVCRFF,SYN20201130.000510,605,602,50,0.869,0.9446944924404963,Radon point
81,LinearSVCRFF,SYN20201130.000510,605,602,50,0.875,0.9539532404111919,Averaging
82,LinearSVCRFF,SYN20201130.000510,605,602,25,0.756,0.827268428392289,Radon point
83,LinearSVCRFF,SYN20201130.000510,605,602,25,0.8445,0.9311738289270114,Averaging
84,LinearSVCRFF,SYN20201130.000510,405,402,1000,0.8915,0.9652279898918809,Radon point
85,LinearSVCRFF,SYN20201130.000510,405,402,1000,0.9,0.9680652509811442,Averaging
86,LinearSVCRFF,SYN20201130.000510,405,402,500,0.885,0.9634288491020861,Radon point
87,LinearSVCRFF,SYN20201130.000510,405,402,500,0.8945,0.9673634655949463,Averaging
88,LinearSVCRFF,SYN20201130.000510,405,402,200,0.894,0.9624258682711682,Radon point
89,LinearSVCRFF,SYN20201130.000510,405,402,200,0.8885,0.9654368187335534,Averaging
90,LinearSVCRFF,SYN20201130.000510,405,402,100,0.888,0.9620664417071356,Radon point
91,LinearSVCRFF,SYN20201130.000510,405,402,100,0.8865,0.9621598122949988,Averaging
92,LinearSVCRFF,SYN20201130.000510,405,402,50,0.8675,0.9422487854293692,Radon point
93,LinearSVCRFF,SYN20201130.000510,405,402,50,0.874,0.953927136805983,Averaging
94,LinearSVCRFF,SYN20201130.000510,405,402,25,0.75,0.8489334167310054,Radon point
95,LinearSVCRFF,SYN20201130.000510,405,402,25,0.848,0.9300915332956505,Averaging
96,LinearSVCRFF,SYN20201130.000510,205,202,1000,0.8965,0.9678985895017322,Radon point
97,LinearSVCRFF,SYN20201130.000510,205,202,1000,0.8985,0.9678775058206021,Averaging
98,LinearSVCRFF,SYN20201130.000510,205,202,500,0.8885,0.9653695517508993,Radon point
99,LinearSVCRFF,SYN20201130.000510,205,202,500,0.8945,0.967086365785804,Averaging
100,LinearSVCRFF,SYN20201130.000510,205,202,200,0.8875,0.965359511902742,Radon point
101,LinearSVCRFF,SYN20201130.000510,205,202,200,0.888,0.9653293923582699,Averaging
102,LinearSVCRFF,SYN20201130.000510,205,202,100,0.888,0.9618686566984362,Radon point
103,LinearSVCRFF,SYN20201130.000510,205,202,100,0.884,0.9624057885748535,Averaging
104,LinearSVCRFF,SYN20201130.000510,205,202,50,0.852,0.9380129734917889,Radon point
105,LinearSVCRFF,SYN20201130.000510,205,202,50,0.88,0.9560847001749946,Averaging
106,LinearSVCRFF,SYN20201130.000510,205,202,25,0.772,0.8653666401949336,Radon point
107,LinearSVCRFF,SYN20201130.000510,205,202,25,0.857,0.9382870613464841,Averaging
108,LinearSVCRFF,SYN20201130.000510,5,2,1000,0.7165,0.8192937770009165,Radon point
109,LinearSVCRFF,SYN20201130.000510,5,2,1000,0.7095,0.8197626379098643,Averaging
110,LinearSVCRFF,SYN20201130.000510,5,2,500,0.717,0.8185779358272985,Radon point
111,LinearSVCRFF,SYN20201130.000510,5,2,500,0.713,0.8195608369619019,Averaging
112,LinearSVCRFF,SYN20201130.000510,5,2,200,0.6925,0.8162687707511113,Radon point
113,LinearSVCRFF,SYN20201130.000510,5,2,200,0.716,0.8161211849831984,Averaging
114,LinearSVCRFF,SYN20201130.000510,5,2,100,0.7285,0.8201029887623978,Radon point
115,LinearSVCRFF,SYN20201130.000510,5,2,100,0.711,0.818734557458553,Averaging
116,LinearSVCRFF,SYN20201130.000510,5,2,50,0.725,0.8176171223586415,Radon point
117,LinearSVCRFF,SYN20201130.000510,5,2,50,0.712,0.8165739821350941,Averaging
118,LinearSVCRFF,SYN20201130.000510,5,2,25,0.7335,0.8177195288098463,Radon point
119,LinearSVCRFF,SYN20201130.000510,5,2,25,0.702,0.8159304278682089,Averaging
