,MODEL_TYPE,DATASET_NAME,N_NODES,N_COMPONENTS,MAX_NODE_SAMPLES,accuracy,rocauc,aggregator
0,LinearSVCRFF,SYN20201129.232905,15625,122,1000,0.8765,0.9350614060419372,Radon point
1,LinearSVCRFF,SYN20201129.232905,15625,122,1000,0.877,0.9350704304439202,Averaging
2,LinearSVCRFF,SYN20201129.232905,15625,122,500,0.8725,0.9328654682260833,Radon point
3,LinearSVCRFF,SYN20201129.232905,15625,122,500,0.872,0.9328825143187178,Averaging
4,LinearSVCRFF,SYN20201129.232905,15625,122,200,0.864,0.9258916109159167,Radon point
5,LinearSVCRFF,SYN20201129.232905,15625,122,200,0.8635,0.925860526864642,Averaging
6,LinearSVCRFF,SYN20201129.232905,15625,122,100,0.8505,0.9131180712646997,Radon point
7,LinearSVCRFF,SYN20201129.232905,15625,122,100,0.8495,0.9137207007748952,Averaging
8,LinearSVCRFF,SYN20201129.232905,15625,122,50,0.8145,0.8885536490670773,Radon point
9,LinearSVCRFF,SYN20201129.232905,15625,122,50,0.8155,0.8904959009160771,Averaging
10,LinearSVCRFF,SYN20201129.232905,15625,122,25,0.737,0.7921670196210553,Radon point
11,LinearSVCRFF,SYN20201129.232905,15625,122,25,0.747,0.8192582743739071,Averaging
12,LinearSVCRFF,SYN20201129.232905,7225,82,1000,0.8795,0.9331602653575267,Radon point
13,LinearSVCRFF,SYN20201129.232905,7225,82,1000,0.8795,0.9331392084195665,Averaging
14,LinearSVCRFF,SYN20201129.232905,7225,82,500,0.873,0.9305341643804849,Radon point
15,LinearSVCRFF,SYN20201129.232905,7225,82,500,0.872,0.930555221318445,Averaging
16,LinearSVCRFF,SYN20201129.232905,7225,82,200,0.8645,0.9234229356179107,Radon point
17,LinearSVCRFF,SYN20201129.232905,7225,82,200,0.8645,0.9234139112159279,Averaging
18,LinearSVCRFF,SYN20201129.232905,7225,82,100,0.846,0.9121203734899168,Radon point
19,LinearSVCRFF,SYN20201129.232905,7225,82,100,0.845,0.9123530025188108,Averaging
20,LinearSVCRFF,SYN20201129.232905,7225,82,50,0.807,0.8866705571866327,Radon point
21,LinearSVCRFF,SYN20201129.232905,7225,82,50,0.808,0.8884283101506473,Averaging
22,LinearSVCRFF,SYN20201129.232905,7225,82,25,0.742,0.8038095008904076,Radon point
23,LinearSVCRFF,SYN20201129.232905,7225,82,25,0.752,0.8261158171696268,Averaging
24,LinearSVCRFF,SYN20201129.232905,2025,42,1000,0.8435,0.9121675009224943,Radon point
25,LinearSVCRFF,SYN20201129.232905,2025,42,1000,0.8435,0.9122386934270267,Averaging
26,LinearSVCRFF,SYN20201129.232905,2025,42,500,0.834,0.9063758402720958,Radon point
27,LinearSVCRFF,SYN20201129.232905,2025,42,500,0.831,0.9061021000786127,Averaging
28,LinearSVCRFF,SYN20201129.232905,2025,42,200,0.8145,0.8917452792350516,Radon point
29,LinearSVCRFF,SYN20201129.232905,2025,42,200,0.814,0.8915327044327862,Averaging
30,LinearSVCRFF,SYN20201129.232905,2025,42,100,0.787,0.8736683993518474,Radon point
31,LinearSVCRFF,SYN20201129.232905,2025,42,100,0.7855,0.8740614621937719,Averaging
32,LinearSVCRFF,SYN20201129.232905,2025,42,50,0.774,0.8468518875038104,Radon point
33,LinearSVCRFF,SYN20201129.232905,2025,42,50,0.771,0.8475387447658469,Averaging
34,LinearSVCRFF,SYN20201129.232905,2025,42,25,0.7325,0.7887798607434504,Radon point
35,LinearSVCRFF,SYN20201129.232905,2025,42,25,0.738,0.7973841266785386,Averaging
36,LinearSVCRFF,SYN20201129.232905,25,2,1000,0.5775,0.5814301872262598,Radon point
37,LinearSVCRFF,SYN20201129.232905,25,2,1000,0.575,0.579833870786607,Averaging
38,LinearSVCRFF,SYN20201129.232905,25,2,500,0.571,0.579749643034766,Radon point
39,LinearSVCRFF,SYN20201129.232905,25,2,500,0.578,0.5804405111421282,Averaging
40,LinearSVCRFF,SYN20201129.232905,25,2,200,0.5865,0.5810982897755531,Radon point
41,LinearSVCRFF,SYN20201129.232905,25,2,200,0.5785,0.5808546309220132,Averaging
42,LinearSVCRFF,SYN20201129.232905,25,2,100,0.565,0.5786135710962442,Radon point
43,LinearSVCRFF,SYN20201129.232905,25,2,100,0.579,0.5804465274101169,Averaging
44,LinearSVCRFF,SYN20201129.232905,25,2,50,0.523,0.5051729877589001,Radon point
45,LinearSVCRFF,SYN20201129.232905,25,2,50,0.5745,0.5790196691854775,Averaging
46,LinearSVCRFF,SYN20201129.232905,25,2,25,0.577,0.5779126758755675,Radon point
47,LinearSVCRFF,SYN20201129.232905,25,2,25,0.58,0.580378343039579,Averaging
48,LinearSVCRFF,SYN20201129.232905,1005,1002,1000,0.873,0.9269795527105293,Radon point
49,LinearSVCRFF,SYN20201129.232905,1005,1002,1000,0.8805,0.9356610274181387,Averaging
50,LinearSVCRFF,SYN20201129.232905,1005,1002,500,0.8585,0.9178067494505142,Radon point
51,LinearSVCRFF,SYN20201129.232905,1005,1002,500,0.8775,0.9344006192745182,Averaging
52,LinearSVCRFF,SYN20201129.232905,1005,1002,200,0.833,0.9014505222120616,Radon point
53,LinearSVCRFF,SYN20201129.232905,1005,1002,200,0.866,0.9298092040878536,Averaging
54,LinearSVCRFF,SYN20201129.232905,1005,1002,100,0.852,0.9193769953955495,Radon point
55,LinearSVCRFF,SYN20201129.232905,1005,1002,100,0.853,0.9204789751488024,Averaging
56,LinearSVCRFF,SYN20201129.232905,1005,1002,50,0.737,0.7975946960581413,Radon point
57,LinearSVCRFF,SYN20201129.232905,1005,1002,50,0.8235,0.8985717379794966,Averaging
58,LinearSVCRFF,SYN20201129.232905,1005,1002,25,0.701,0.8049666297668896,Radon point
59,LinearSVCRFF,SYN20201129.232905,1005,1002,25,0.7615,0.8458642168423416,Averaging
60,LinearSVCRFF,SYN20201129.232905,805,802,1000,0.871,0.9299225104683062,Radon point
61,LinearSVCRFF,SYN20201129.232905,805,802,1000,0.8805,0.9354374227912274,Averaging
62,LinearSVCRFF,SYN20201129.232905,805,802,500,0.877,0.9346904028493045,Radon point
63,LinearSVCRFF,SYN20201129.232905,805,802,500,0.8765,0.9345600503762174,Averaging
64,LinearSVCRFF,SYN20201129.232905,805,802,200,0.867,0.9302203157337441,Radon point
65,LinearSVCRFF,SYN20201129.232905,805,802,200,0.8685,0.9303867658147632,Averaging
66,LinearSVCRFF,SYN20201129.232905,805,802,100,0.779,0.852272544961576,Radon point
67,LinearSVCRFF,SYN20201129.232905,805,802,100,0.859,0.9220030963725915,Averaging
68,LinearSVCRFF,SYN20201129.232905,805,802,50,0.722,0.7653434887936982,Radon point
69,LinearSVCRFF,SYN20201129.232905,805,802,50,0.834,0.9040856475910863,Averaging
70,LinearSVCRFF,SYN20201129.232905,805,802,25,0.65,0.7219852481108918,Radon point
71,LinearSVCRFF,SYN20201129.232905,805,802,25,0.778,0.8589215238003562,Averaging
72,LinearSVCRFF,SYN20201129.232905,605,602,1000,0.871,0.9276443503232742,Radon point
73,LinearSVCRFF,SYN20201129.232905,605,602,1000,0.88,0.9359437920136048,Averaging
74,LinearSVCRFF,SYN20201129.232905,605,602,500,0.879,0.9346192103447721,Radon point
75,LinearSVCRFF,SYN20201129.232905,605,602,500,0.878,0.9345630585102116,Averaging
76,LinearSVCRFF,SYN20201129.232905,605,602,200,0.8265,0.8873353547993775,Radon point
77,LinearSVCRFF,SYN20201129.232905,605,602,200,0.865,0.929324894514768,Averaging
78,LinearSVCRFF,SYN20201129.232905,605,602,100,0.743,0.8119525196130337,Radon point
79,LinearSVCRFF,SYN20201129.232905,605,602,100,0.851,0.9195514671672202,Averaging
80,LinearSVCRFF,SYN20201129.232905,605,602,50,0.823,0.8994551266624953,Radon point
81,LinearSVCRFF,SYN20201129.232905,605,602,50,0.8235,0.8990520367072564,Averaging
82,LinearSVCRFF,SYN20201129.232905,605,602,25,0.6345,0.6769364361232775,Radon point
83,LinearSVCRFF,SYN20201129.232905,605,602,25,0.7595,0.8509710256533665,Averaging
84,LinearSVCRFF,SYN20201129.232905,405,402,1000,0.865,0.9241880043637997,Radon point
85,LinearSVCRFF,SYN20201129.232905,405,402,1000,0.8805,0.9353692384206895,Averaging
86,LinearSVCRFF,SYN20201129.232905,405,402,500,0.876,0.9339834913606392,Radon point
87,LinearSVCRFF,SYN20201129.232905,405,402,500,0.876,0.9340737353804688,Averaging
88,LinearSVCRFF,SYN20201129.232905,405,402,200,0.8435,0.9131471498933115,Radon point
89,LinearSVCRFF,SYN20201129.232905,405,402,200,0.864,0.9292968185974876,Averaging
90,LinearSVCRFF,SYN20201129.232905,405,402,100,0.7615,0.8191068649628596,Radon point
91,LinearSVCRFF,SYN20201129.232905,405,402,100,0.8515,0.9199806276170766,Averaging
92,LinearSVCRFF,SYN20201129.232905,405,402,50,0.7355,0.7986094399255588,Radon point
93,LinearSVCRFF,SYN20201129.232905,405,402,50,0.8165,0.896183279588006,Averaging
94,LinearSVCRFF,SYN20201129.232905,405,402,25,0.7305,0.7465286133705539,Radon point
95,LinearSVCRFF,SYN20201129.232905,405,402,25,0.7545,0.8401096565112063,Averaging
96,LinearSVCRFF,SYN20201129.232905,205,202,1000,0.8755,0.9339834913606392,Radon point
97,LinearSVCRFF,SYN20201129.232905,205,202,1000,0.8765,0.9340647109784856,Averaging
98,LinearSVCRFF,SYN20201129.232905,205,202,500,0.8515,0.9156609472012321,Radon point
99,LinearSVCRFF,SYN20201129.232905,205,202,500,0.873,0.931730398998893,Averaging
100,LinearSVCRFF,SYN20201129.232905,205,202,200,0.8225,0.8949990775055751,Radon point
101,LinearSVCRFF,SYN20201129.232905,205,202,200,0.8615,0.9257963533394298,Averaging
102,LinearSVCRFF,SYN20201129.232905,205,202,100,0.8025,0.8684212109544208,Radon point
103,LinearSVCRFF,SYN20201129.232905,205,202,100,0.8455,0.9144386420882066,Averaging
104,LinearSVCRFF,SYN20201129.232905,205,202,50,0.8015,0.8830427475894819,Radon point
105,LinearSVCRFF,SYN20201129.232905,205,202,50,0.814,0.8893919157401613,Averaging
106,LinearSVCRFF,SYN20201129.232905,205,202,25,0.64,0.6724472974924195,Radon point
107,LinearSVCRFF,SYN20201129.232905,205,202,25,0.7595,0.8254450032888931,Averaging
108,LinearSVCRFF,SYN20201129.232905,5,2,1000,0.551,0.5656485135807223,Radon point
109,LinearSVCRFF,SYN20201129.232905,5,2,1000,0.5785,0.5809869888177632,Averaging
110,LinearSVCRFF,SYN20201129.232905,5,2,500,0.555,0.5816217050905649,Radon point
111,LinearSVCRFF,SYN20201129.232905,5,2,500,0.5795,0.5803592915242817,Averaging
112,LinearSVCRFF,SYN20201129.232905,5,2,200,0.5795,0.5818152283775329,Radon point
113,LinearSVCRFF,SYN20201129.232905,5,2,200,0.578,0.5817620846769666,Averaging
114,LinearSVCRFF,SYN20201129.232905,5,2,100,0.564,0.5755673340713289,Radon point
115,LinearSVCRFF,SYN20201129.232905,5,2,100,0.5395,0.5777773098458231,Averaging
116,LinearSVCRFF,SYN20201129.232905,5,2,50,0.493,0.5093442668976913,Radon point
117,LinearSVCRFF,SYN20201129.232905,5,2,50,0.5135,0.5648754231441819,Averaging
118,LinearSVCRFF,SYN20201129.232905,5,2,25,0.541,0.5433863166000866,Radon point
119,LinearSVCRFF,SYN20201129.232905,5,2,25,0.5055,0.5399851197638414,Averaging
